{
    "turtles": [
        {
            "name": "LoggerHead Sea Turtle",
            "scientificName": "Caretta caretta",
            "reasonForEndangerment": "Habitat loss, poaching, climate change.",
            "roleInEcosystem": "Maintain healthy seagrass beds and coral reefs."
        },
        {
            "name": "Green Sea Turtle",
            "scientificName": "Chelonia mydas",
            "reasonForEndangerment": "Overexploitation, habitat loss, climate change.",
            "roleInEcosystem": "Help maintain seagrass ecosystems by grazing."
        },
        {
            "name": "Leatherback Sea Turtle",
            "scientificName": "Dermochelys coriacea",
            "reasonForEndangerment": "Entanglement in fishing gear, climate change.",
            "roleInEcosystem": "Regulate jellyfish populations."
        }
    ],
    "sharks": [
        {
            "name": "Great White Shark",
            "scientificName": "Carcharodon carcharias",
            "reasonForEndangerment": "Overfishing, habitat degradation.",
            "roleInEcosystem": "Apex predator, regulates populations of fish and marine mammals."
        },
        {
            "name": "Whale Shark",
            "scientificName": "Rhincodon typus",
            "reasonForEndangerment": "Bycatch, ship strikes, overfishing.",
            "roleInEcosystem": "Helps maintain balance in plankton populations."
        },
        {
            "name": "Hammerhead Shark",
            "scientificName": "Sphyrna mokarran",
            "reasonForEndangerment": "Fishing, habitat loss.",
            "roleInEcosystem": "Regulates fish populations and prevents overgrazing of coral reefs."
        }
    ],
    "whales": [
        {
            "name": "Blue Whale",
            "scientificName": "Balaenoptera musculus",
            "reasonForEndangerment": "Commercial whaling, ship strikes.",
            "roleInEcosystem": "Helps maintain healthy plankton populations and nutrient cycles."
        },
        {
            "name": "Humpback Whale",
            "scientificName": "Megaptera novaeangliae",
            "reasonForEndangerment": "Whaling, entanglement in fishing gear.",
            "roleInEcosystem": "Aids nutrient cycling by feeding and releasing nutrients in deeper waters."
        },
        {
            "name": "Orca",
            "scientificName": "Orcinus orca",
            "reasonForEndangerment": "Pollution, prey depletion.",
            "roleInEcosystem": "Top predator, regulates populations of marine animals."
        }
    ],
    "seals": [
        {
            "name": "Harp Seal",
            "scientificName": "Pagophilus groenlandicus",
            "reasonForEndangerment": "Climate change, habitat loss.",
            "roleInEcosystem": "Helps control fish populations and maintain balance in marine ecosystems."
        },
        {
            "name": "Sea Otter",
            "scientificName": "Enhydra lutris",
            "reasonForEndangerment": "Oil spills, hunting, habitat loss.",
            "roleInEcosystem": "Regulates sea urchin populations, helping kelp forests thrive."
        },
        {
            "name": "Weddell Seal",
            "scientificName": "Leptonychotes weddellii",
            "reasonForEndangerment": "Climate change, ice habitat loss.",
            "roleInEcosystem": "Controls fish and squid populations in polar regions."
        }
    ],
    "fish": [
        {
            "name": "Atlantic Bluefin Tuna",
            "scientificName": "Thunnus thynnus",
            "reasonForEndangerment": "Overfishing, illegal fishing.",
            "roleInEcosystem": "Top predator in marine food webs, controls prey populations."
        },
        {
            "name": "Napoleon Wrasse",
            "scientificName": "Cheilinus undulatus",
            "reasonForEndangerment": "Overfishing, coral reef destruction.",
            "roleInEcosystem": "Helps control the populations of smaller fish and invertebrates."
        },
        {
            "name": "Clownfish",
            "scientificName": "Amphiprioninae",
            "reasonForEndangerment": "Habitat loss due to coral reef destruction.",
            "roleInEcosystem": "Helps maintain coral health by cleaning anemones."
        }
    ]
}
